<Canvas>
    <Kind>80</Kind>
    <Name>OFX_UI_WIDGET_CANVAS</Name>
    <IsMinified>0</IsMinified>
    <XPosition>47.000000000</XPosition>
    <YPosition>53.000000000</YPosition>
</Canvas>
<Widget>
    <Kind>4</Kind>
    <Name>RADIUS</Name>
    <Value>650.320198059</Value>
</Widget>
<Widget>
    <Kind>4</Kind>
    <Name>RED</Name>
    <Value>163.300491333</Value>
</Widget>
<Widget>
    <Kind>4</Kind>
    <Name>GREEN</Name>
    <Value>126.871925354</Value>
</Widget>
<Widget>
    <Kind>4</Kind>
    <Name>BLUE</Name>
    <Value>119.334976196</Value>
</Widget>
<Widget>
    <Kind>4</Kind>
    <Name>ALPHA</Name>
    <Value>234.901473999</Value>
</Widget>
<Widget>
    <Kind>11</Kind>
    <Name>CENTER</Name>
    <XValue>660.807861328</XValue>
    <YValue>575.054199219</YValue>
</Widget>
<Widget>
    <Kind>17</Kind>
    <Name>DRAWFILL</Name>
    <Value>1</Value>
</Widget>
